{
    "rmse": 0.8052708123333427,
    "mae": 0.658750777716106,
    "r2": 0.007719560745519605
}